{
   "config" : {
      "balanceConfig" : {
         "baseType" : 0,
         "id" : 4,
         "maxRuntime" : 45,
         "name" : "MPComControl",
         "supportLeg" : 3,
         "timeToReachB" : 1,
         "type" : 0
      },
      "ball" : [ 0.15000000596046448, -0.061999998986721039 ],
      "baseType" : 0,
      "id" : 1,
      "maxRuntime" : 20,
      "minTimeToKick" : 1,
      "name" : "JSOImpKick",
      "reqVel" : [ 0.4851478636264801, -0.12096095085144043 ],
      "target" : [ -1, -1 ],
      "type" : 0
   },
   "jointCommands" : {
      "HeadPitchCmd" : [
         "NAN",
         "NAN",
         "NAN",
         "NAN",
         "NAN",
         "NAN",
         "NAN",
         "NAN",
         "NAN",
         "NAN",
         "NAN",
         "NAN",
         "NAN",
         "NAN",
         "NAN",
         "NAN",
         "NAN",
         "NAN",
         "NAN",
         "NAN",
         "NAN",
         "NAN",
         "NAN",
         "NAN",
         "NAN",
         "NAN"
      ],
      "HeadYawCmd" : [
         "NAN",
         "NAN",
         "NAN",
         "NAN",
         "NAN",
         "NAN",
         "NAN",
         "NAN",
         "NAN",
         "NAN",
         "NAN",
         "NAN",
         "NAN",
         "NAN",
         "NAN",
         "NAN",
         "NAN",
         "NAN",
         "NAN",
         "NAN",
         "NAN",
         "NAN",
         "NAN",
         "NAN",
         "NAN",
         "NAN"
      ],
      "LAnklePitchCmd" : [
         -0.34894680976867676,
         -0.34908154606819153,
         -0.34941789507865906,
         -0.35001683235168457,
         -0.35091531276702881,
         -0.35212874412536621,
         -0.35365349054336548,
         -0.35546952486038208,
         -0.35754290223121643,
         -0.35982823371887207,
         -0.36227130889892578,
         -0.36481153964996338,
         -0.36738458275794983,
         -0.36992481350898743,
         -0.37236788868904114,
         -0.37465322017669678,
         -0.37672659754753113,
         -0.37854263186454773,
         -0.380067378282547,
         -0.3812808096408844,
         -0.38217929005622864,
         -0.38277822732925415,
         -0.38311457633972168,
         -0.38324931263923645,
         -0.38326999545097351,
         -0.38329333066940308
      ],
      "LAnkleRollCmd" : [
         0.00016436559963040054,
         0.0012352395569905639,
         0.003908609040081501,
         0.0086691640317440033,
         0.015810402110219002,
         0.025454752147197723,
         0.037573706358671188,
         0.052007932215929031,
         0.068487420678138733,
         0.086651578545570374,
         0.10606939345598221,
         0.12625952064990997,
         0.14671044051647186,
         0.16690057516098022,
         0.18631839752197266,
         0.2044825553894043,
         0.2209620326757431,
         0.23539626598358154,
         0.24751521646976471,
         0.25715956091880798,
         0.26430082321166992,
         0.26906135678291321,
         0.27173474431037903,
         0.2728056013584137,
         0.27296999096870422,
         0.27315536141395569
      ],
      "LElbowRollCmd" : [
         "NAN",
         "NAN",
         "NAN",
         "NAN",
         "NAN",
         "NAN",
         "NAN",
         "NAN",
         "NAN",
         "NAN",
         "NAN",
         "NAN",
         "NAN",
         "NAN",
         "NAN",
         "NAN",
         "NAN",
         "NAN",
         "NAN",
         "NAN",
         "NAN",
         "NAN",
         "NAN",
         "NAN",
         "NAN",
         "NAN"
      ],
      "LElbowYawCmd" : [
         "NAN",
         "NAN",
         "NAN",
         "NAN",
         "NAN",
         "NAN",
         "NAN",
         "NAN",
         "NAN",
         "NAN",
         "NAN",
         "NAN",
         "NAN",
         "NAN",
         "NAN",
         "NAN",
         "NAN",
         "NAN",
         "NAN",
         "NAN",
         "NAN",
         "NAN",
         "NAN",
         "NAN",
         "NAN",
         "NAN"
      ],
      "LHipPitchCmd" : [
         -0.45364800095558167,
         -0.45393490791320801,
         -0.45465117692947388,
         -0.45592665672302246,
         -0.45783999562263489,
         -0.46042397618293762,
         -0.46367096900939941,
         -0.46753829717636108,
         -0.47195360064506531,
         -0.47682026028633118,
         -0.48202282190322876,
         -0.48743230104446411,
         -0.49291166663169861,
         -0.49832114577293396,
         -0.50352370738983154,
         -0.50839036703109741,
         -0.51280564069747925,
         -0.51667296886444092,
         -0.5199199914932251,
         -0.52250397205352783,
         -0.52441728115081787,
         -0.52569276094436646,
         -0.52640902996063232,
         -0.52669596672058105,
         -0.52674001455307007,
         -0.52678966522216797
      ],
      "LHipRollCmd" : [
         -8.0922014603856951e-05,
         -0.00060794397722929716,
         -0.0019236210500821471,
         -0.0042664892971515656,
         -0.0077809914946556091,
         -0.01252738106995821,
         -0.018491625785827637,
         -0.025595312938094139,
         -0.033705558627843857,
         -0.042644903063774109,
         -0.052201218903064728,
         -0.062137629836797714,
         -0.072202384471893311,
         -0.082138791680335999,
         -0.091695114970207214,
         -0.10063445568084717,
         -0.10874470323324203,
         -0.11584839224815369,
         -0.12181263417005539,
         -0.12655903398990631,
         -0.13007353246212006,
         -0.13241639733314514,
         -0.13373208045959473,
         -0.13425910472869873,
         -0.13434000313282013,
         -0.13443121314048767
      ],
      "LHipYawPitchCmd" : [
         3.2725108733977493e-10,
         3.2596650378913239e-10,
         3.2275959682692701e-10,
         3.1704894265516259e-10,
         3.084824895527305e-10,
         2.9691335501347282e-10,
         2.8237576166212364e-10,
         2.6506080663679654e-10,
         2.4529239750492593e-10,
         2.2350310491248138e-10,
         2.0020997359981862e-10,
         1.7599037505089399e-10,
         1.5145792953141779e-10,
         1.2723833098249315e-10,
         1.039451927309365e-10,
         8.2155900138491944e-11,
         6.238750488440914e-11,
         4.5072549859082045e-11,
         3.053494262994505e-11,
         1.8965809825410851e-11,
         1.0399350651446593e-11,
         4.688701250171734e-12,
         1.481790059577881e-12,
         1.9719439297606611e-13,
         0,
         -2.2234170342534665e-13
      ],
      "LKneePitchCmd" : [
         0.69812381267547607,
         0.69910287857055664,
         0.70154708623886108,
         0.70589947700500488,
         0.71242845058441162,
         0.72124588489532471,
         0.73232585191726685,
         0.74552249908447266,
         0.7605891227722168,
         0.77719593048095703,
         0.79494893550872803,
         0.8134080171585083,
         0.83210551738739014,
         0.85056459903717041,
         0.86831760406494141,
         0.88492447137832642,
         0.89999103546142578,
         0.91318774223327637,
         0.92426764965057373,
         0.93308508396148682,
         0.93961405754089355,
         0.94396650791168213,
         0.9464106559753418,
         0.94738972187042236,
         0.94753998517990112,
         0.94770944118499756
      ],
      "LShoulderPitchCmd" : [
         "NAN",
         "NAN",
         "NAN",
         "NAN",
         "NAN",
         "NAN",
         "NAN",
         "NAN",
         "NAN",
         "NAN",
         "NAN",
         "NAN",
         "NAN",
         "NAN",
         "NAN",
         "NAN",
         "NAN",
         "NAN",
         "NAN",
         "NAN",
         "NAN",
         "NAN",
         "NAN",
         "NAN",
         "NAN",
         "NAN"
      ],