{
   "config" : {
      "balanceConfig" : {
         "baseType" : 0,
         "id" : 4,
         "maxRuntime" : 45,
         "name" : "MPComControl",
         "supportLeg" : 3,
         "timeToReachB" : 1,
         "type" : 0
      },
      "ball" : [ 0.15000000596046448, -0.061999998986721039 ],
      "baseType" : 0,
      "id" : 1,
      "maxRuntime" : 20,
      "minTimeToKick" : 1,
      "name" : "JSOImpKick",
      "reqVel" : [ 0.4851478636264801, -0.12096095085144043 ],
      "target" : [ -1, -1 ],
      "type" : 0
   },
   "jointCommands" : {
      "HeadPitchCmd" : [
         "NAN",
         "NAN",
         "NAN",
         "NAN",
         "NAN",
         "NAN",
         "NAN",
         "NAN",
         "NAN",
         "NAN",
         "NAN",
         "NAN",
         "NAN",
         "NAN",
         "NAN",
         "NAN",
         "NAN",
         "NAN",
         "NAN",
         "NAN",
         "NAN",
         "NAN",
         "NAN",
         "NAN",
         "NAN",
         "NAN"
      ],
      "HeadYawCmd" : [
         "NAN",
         "NAN",
         "NAN",
         "NAN",
         "NAN",
         "NAN",
         "NAN",
         "NAN",
         "NAN",
         "NAN",
         "NAN",
         "NAN",
         "NAN",
         "NAN",
         "NAN",
         "NAN",
         "NAN",
         "NAN",
         "NAN",
         "NAN",
         "NAN",
         "NAN",
         "NAN",
         "NAN",
         "NAN",
         "NAN"
      ],
      "LAnklePitchCmd" : [
         -0.34893634915351868,
         -0.34907111525535583,
         -0.34940758347511292,
         -0.35000672936439514,
         -0.35090547800064087,
         -0.35211923718452454,
         -0.35364446043968201,
         -0.35546106100082397,
         -0.35753506422042847,
         -0.35982111096382141,
         -0.36226490139961243,
         -0.3648059070110321,
         -0.36737975478172302,
         -0.3699207603931427,
         -0.37236455082893372,
         -0.37465059757232666,
         -0.37672460079193115,
         -0.37854120135307312,
         -0.38006642460823059,
         -0.38128018379211426,
         -0.38217896223068237,
         -0.38277807831764221,
         -0.38311454653739929,
         -0.38324931263923645,
         -0.38326999545097351,
         -0.38329333066940308
      ],
      "LAnkleRollCmd" : [
         0.00016436637088190764,
         0.0012352403718978167,
         0.0039086099714040756,
         0.0086691649630665779,
         0.015810402110219002,
         0.025454754009842873,
         0.037573706358671188,
         0.052007932215929031,
         0.068487420678138733,
         0.086651578545570374,
         0.10606939345598221,
         0.12625952064990997,
         0.14671044051647186,
         0.16690057516098022,
         0.18631839752197266,
         0.2044825553894043,
         0.2209620326757431,
         0.23539626598358154,
         0.24751521646976471,
         0.25715956091880798,
         0.26430082321166992,
         0.26906135678291321,
         0.27173474431037903,
         0.2728056013584137,
         0.27296999096870422,
         0.27315536141395569
      ],
      "LElbowRollCmd" : [
         "NAN",
         "NAN",
         "NAN",
         "NAN",
         "NAN",
         "NAN",
         "NAN",
         "NAN",
         "NAN",
         "NAN",
         "NAN",
         "NAN",
         "NAN",
         "NAN",
         "NAN",
         "NAN",
         "NAN",
         "NAN",
         "NAN",
         "NAN",
         "NAN",
         "NAN",
         "NAN",
         "NAN",
         "NAN",
         "NAN"
      ],
      "LElbowYawCmd" : [
         "NAN",
         "NAN",
         "NAN",
         "NAN",
         "NAN",
         "NAN",
         "NAN",
         "NAN",
         "NAN",
         "NAN",
         "NAN",
         "NAN",
         "NAN",
         "NAN",
         "NAN",
         "NAN",
         "NAN",
         "NAN",
         "NAN",
         "NAN",
         "NAN",
         "NAN",
         "NAN",
         "NAN",
         "NAN",
         "NAN"
      ],
      "LHipPitchCmd" : [
         -0.45363441109657288,
         -0.45392137765884399,
         -0.4546377956867218,
         -0.45591351389884949,
         -0.45782718062400818,
         -0.46041163802146912,
         -0.46365925669670105,
         -0.46752730011940002,
         -0.47194340825080872,
         -0.4768109917640686,
         -0.48201450705528259,
         -0.48742499947547913,
         -0.4929053783416748,
         -0.49831584095954895,
         -0.50351935625076294,
         -0.50838696956634521,
         -0.51280307769775391,
         -0.51667112112045288,
         -0.51991868019104004,
         -0.52250319719314575,
         -0.52441686391830444,
         -0.52569258213043213,
         -0.52640897035598755,
         -0.52669596672058105,
         -0.52674001455307007,
         -0.52678966522216797
      ],
      "LHipRollCmd" : [
         -8.0920028267428279e-05,
         -0.0006079419981688261,
         -0.0019236190710216761,
         -0.0042664874345064163,
         -0.0077809896320104599,
         -0.012527379207313061,
         -0.018491623923182487,
         -0.02559531107544899,
         -0.033705554902553558,
         -0.04264489933848381,
         -0.052201218903064728,
         -0.062137629836797714,
         -0.072202384471893311,
         -0.082138791680335999,
         -0.091695114970207214,
         -0.10063445568084717,
         -0.10874470323324203,
         -0.11584839224815369,
         -0.12181263417005539,
         -0.12655901908874512,
         -0.13007353246212006,
         -0.13241639733314514,
         -0.13373208045959473,
         -0.13425910472869873,
         -0.13434000313282013,
         -0.13443121314048767
      ],
      "LHipYawPitchCmd" : [
         -1.6034647387641598e-08,
         -1.597170395939429e-08,
         -1.5814572762451462e-08,
         -1.5534761033109135e-08,
         -1.5115022122813571e-08,
         -1.454815823365152e-08,
         -1.3835845358300958e-08,
         -1.2987446673662362e-08,
         -1.2018835704452613e-08,
         -1.0951203499587336e-08,
         -9.8098862366668982e-09,
         -8.6231750628940063e-09,
         -7.4211348177755099e-09,
         -6.2344231999134081e-09,
         -5.0931059369929699e-09,
         -4.0254741762169033e-09,
         -3.0568625408733396e-09,
         -2.2084645223685584e-09,
         -1.4961509808841811e-09,
         -9.2928659212176967e-10,
         -5.0954729324814707e-10,
         -2.297369516846004e-10,
         -7.2604734724368569e-11,
         -9.6621287359877073e-12,
         0,
         1.0894297616803605e-11
      ],
      "LKneePitchCmd" : [
         0.69810092449188232,
         0.69908004999160767,
         0.70152443647384644,
         0.70587724447250366,
         0.71240681409835815,
         0.7212250828742981,
         0.73230606317520142,
         0.74550396203994751,
         0.76057189702987671,
         0.7771802544593811,
         0.79493486881256104,
         0.81339567899703979,
         0.83209490776062012,
         0.85055571794509888,
         0.86831033229827881,
         0.8849186897277832,
         0.89998668432235718,
         0.91318458318710327,
         0.92426550388336182,
         0.93308377265930176,
         0.93961334228515625,
         0.94396615028381348,
         0.94641053676605225,
         0.94738972187042236,
         0.94753998517990112,
         0.94770950078964233
      ],
      "LShoulderPitchCmd" : [
         "NAN",
         "NAN",
         "NAN",
         "NAN",
         "NAN",
         "NAN",
         "NAN",
         "NAN",
         "NAN",
         "NAN",
         "NAN",
         "NAN",
         "NAN",
         "NAN",
         "NAN",
         "NAN",
         "NAN",
         "NAN",
         "NAN",
         "NAN",
         "NAN",
         "NAN",
         "NAN",
         "NAN",
         "NAN",
         "NAN"
      ],